[
  {
    "anonymous": false,
    "inputs": [
      {
        "indexed": false,
        "internalType": "string",
        "name": "msg",
        "type": "string"
      }
    ],
    "name": "Created",
    "type": "event"
  },
  {
    "inputs": [
      {
        "internalType": "uint256",
        "name": "_id",
        "type": "uint256"
      },
      {
        "internalType": "string",
        "name": "_modid",
        "type": "string"
      },
      {
        "internalType": "string",
        "name": "_userid",
        "type": "string"
      },
      {
        "internalType": "string",
        "name": "_sign",
        "type": "string"
      },
      {
        "internalType": "string",
        "name": "_proof",
        "type": "string"
      }
    ],
    "name": "newUser",
    "outputs": [],
    "stateMutability": "nonpayable",
    "type": "function"
  },
  {
    "inputs": [],
    "name": "saySairam",
    "outputs": [
      {
        "internalType": "string",
        "name": "",
        "type": "string"
      }
    ],
    "stateMutability": "pure",
    "type": "function",
    "constant": true
  },
  {
    "inputs": [
      {
        "internalType": "uint256",
        "name": "_id",
        "type": "uint256"
      },
      {
        "internalType": "uint256",
        "name": "_index",
        "type": "uint256"
      },
      {
        "internalType": "string",
        "name": "_newData",
        "type": "string"
      }
    ],
    "name": "setData",
    "outputs": [],
    "stateMutability": "nonpayable",
    "type": "function"
  },
  {
    "inputs": [
      {
        "internalType": "uint256",
        "name": "_id",
        "type": "uint256"
      },
      {
        "internalType": "uint256",
        "name": "_dataIndex",
        "type": "uint256"
      }
    ],
    "name": "getUserData",
    "outputs": [
      {
        "internalType": "string",
        "name": "",
        "type": "string"
      }
    ],
    "stateMutability": "view",
    "type": "function",
    "constant": true
  },
  {
    "inputs": [
      {
        "internalType": "uint256",
        "name": "_id",
        "type": "uint256"
      }
    ],
    "name": "getDataSize",
    "outputs": [
      {
        "internalType": "uint256",
        "name": "",
        "type": "uint256"
      }
    ],
    "stateMutability": "view",
    "type": "function",
    "constant": true
  },
  {
    "inputs": [],
    "name": "getMessage",
    "outputs": [
      {
        "internalType": "string",
        "name": "",
        "type": "string"
      }
    ],
    "stateMutability": "view",
    "type": "function",
    "constant": true
  }
]