[
    {
        "name":"Linear Regression",
        "desc":"Linear regression models are used to show or predict the relationship between two variables or factors. The factor that is being predicted (the factor that the equation solves for) is called the dependent variable.Note: Data Will Be Scalled for the Better Results",
        "adva":["Linear regression is straightforward to understand and explain, and can be regularized to avoid overfitting.","In addition, linear models can be updated easily with new data using stochastic gradient descent."],
        "disd":["Linear regression performs poorly when there are non- linear relationships."]
    },

    {
        "name":"Logistic Regression",
        "desc":"Logistic regression is applied to predict the categorical dependent variable. In other words, it's used when the prediction is categorical",
        "adva":["Performs well when the dataset is linearly separable.","IGood accuracy for smaller datasets.","Doesn't make any assumptions about the distribution of classes"],
        "disd":["Predictors should have average or no multicollinearity","Challenging to obtain complex relationships.","Sensitive to outliers"]
    },
    {
        "name":"Softmax Regression",
        "desc":"Softmax Regression (synonyms: Multinomial Logistic, Maximum Entropy Classifier, or just Multi-class Logistic Regression) is a generalization of logistic regression that we can use for multi-class classification (under the assumption that the classes are mutually exclusive).",
        "adva":["Finding a continuous mapping between your input and desired output","Creates a pseudo-probability distribution for multi-dimensional outputs."],
        "disd":["These are only pseudo-probabilities and it is not representing the certainty or uncertainty of your model in making predictions."]
    },
    {
        "name":"Extremely Fast Decision Tree",
        "desc":"Extremely Fast Decision Tree, a minor modification to the MOA implementation of Hoeffding Tree---obtains significantly superior prequential accuracy on most of the largest classification datasets from the UCI repository.",
        "adva":["Produces the asymptotic batch tree in the limit"," Is naturally resilient to concept drift, and can be used as a higher accuracy replacement for Hoeffding Tree in most scenarios at a small additional computational cost."],
        "disd":[ "it is more effcient statistically, learning more rapidly from a stationary","distribution and eventually learning the asymptotic batch tree if the distribution from which the data are drawn is stationary."]
    },
    {
        "name":"Hoeffding Adaptive Tree Classifier",
        "desc":"A Hoeffding tree is an incremental, anytime decision tree induction algorithm that is capable of learning from massive data streams, assuming that the distribution generating examples does not change over time.",
        "adva":["Enhance existing machine learning models for anomaly detection in streaming datasets."],
        "disd":["Computationally Expensive"]
    },
    {
        "name":"Hoeffding Adaptive Tree Regressor",
        "desc":"This class implements a regression version of the Hoeffding Adaptive Tree Classifier. Hence, it also uses an ADWIN concept-drift detector instance at each decision node to monitor possible changes in the data distribution.",
        "adva":["If a drift is detected in a node, an alternate tree begins to be induced in the background."," When enough information is gathered HATR swaps the node where the change was detected by its alternate tree."        ],
        "disd":["Computationally Expensive"]
    },
    {
        "name":"SGT Regressor",
        "desc":"Stochastic Gradient Tree for regression.Incremental decision tree regressor that minimizes the mean square error to guide its growth.",
        "adva":["It is easier to fit in the memory due to a single training example being processed by the network"],
        "disd":["Due to frequent updates, the steps taken towards the minima are very noisy. This can often lean the gradient descent into other directions."]
    },
    
    {
        "name":"DBSTREAM",
        "desc":"DBSTREAM  is a clustering algorithm for evolving data streams. It is the first micro-cluster-based online clustering component that explicitely captures the density between micro-clusters via a shared density graph.",
        "adva":["Schemaless DB, Ideal for IoT, Mobile, Gaming"],
        "disd":["Weak querying model, querying data is extremely limited."]
    },
    {
        "name":"DenStream",
        "desc":"DenStream  is a clustering algorithm for evolving data streams. DenStream can discover clusters with arbitrary shape and is robust against noise (outliers)",
        "adva":["A pruning strategy based on the concepts of potential and outlier micro-clusters guarantees the precision of the weights of the micro-clusters with limited memory."],
        "disd":["Denstream clustering is a hot research area due to the abundance of data streams collected nowadays and the need for understanding and acting upon such sort of data"]
    },

    {
        "name":"Adaboost Classifier",
        "desc":"An AdaBoost  classifier is a meta-estimator that begins by fitting a classifier on the original dataset and then fits additional copies of the classifier on the same dataset but where the weights of incorrectly classified instances are adjusted such that subsequent classifiers focus more on difficult cases.",
        "adva":["Theoretically, AdaBoost is not prone to overfitting though there is no concrete proof for this","AdaBoost can be used to improve the accuracy of your weak classifiers hence making it flexible. It has now being extended beyond binary classification and has found use cases in text and image classification as well."],
        "disd":["Boosting technique learns progressively, it is important to ensure that you have quality data","AdaBoost is also extremely sensitive to Noisy data and outliers ,it is highly recommended to eliminate them."]
    },
    {
        "name":"AdaptiveRandom Forest Classifier",
        "desc":"Adaptive Random Forest  is an adaptation of the original Random Forest algorithm , which has been successfully applied to a multitude of machine learning tasks.The “Adaptive” part of ARF comes from its mechanisms to adapt to different kinds of concept drifts, given the same hyper-parameters.",
        "adva":["Inducing diversity through randomly selecting subsets of features for node splits.drift detectors per base tree, which cause selective resets in response to drifts"],
        "disd":["Random Forest Regressor is unable to discover trends that would enable it in extrapolating values that fall outside the training","Random forests have been observed to overfit for some datasets with noisy classification/regression tasks","Unlike decision trees, the classifications made by random forests are difficult for humans to interpret"]
    },
    {
        "name":"AdaptiveRandom Forest Regressor",
        "desc":"Adaptive Random Forest  is an adaptation of the original Random Forest algorithm , which has been successfully applied to a multitude of machine learning tasks.The “Adaptive” part of ARF comes from its mechanisms to adapt to different kinds of concept drifts, given the same hyper-parameters.",
        "adva":["Inducing diversity through randomly selecting subsets of features for node splits.drift detectors per base tree, which cause selective resets in response to drifts"],
        "disd":["Random Forest Regressor is unable to discover trends that would enable it in extrapolating values that fall outside the training","Random forests have been observed to overfit for some datasets with noisy classification/regression tasks","Unlike decision trees, the classifications made by random forests are difficult for humans to interpret"]
    },
    {
        "name":"Bagging Regressor",
        "desc":"A  Bagging regressor is an ensemble meta-estimator that fits base regressors each on random subsets of the original dataset and then aggregate their individual predictions (either by voting or by averaging) to form a final prediction.",
        "adva":["Bagging offers the advantage of allowing many weak learners to combine efforts to outdo a single strong learner."," It also helps in the reduction of variance, hence eliminating the overfitting of models in the procedure."],
        "disd":["It introduces a loss of interpretability of a model. The resultant model can experience lots of bias when the proper procedure is ignored","Despite bagging being highly accurate, it can be computationally expensive, which may discourage its use in certain instances."]
    },

    {
        "name":"KMeans",
        "desc":"Kmeans algorithm is an iterative algorithm that tries to partition the dataset into Kpre-defined distinct non-overlapping subgroups (clusters) where each data point belongs to only one group. It tries to make the intra-cluster data points as similar as possible while also keeping the clusters as different (far) as possible.",
        "adva":["Scales to large data sets.Guarantees convergence.Can warm-start the positions of centroids.Easily adapts to new examples."],
        "disd":["Being dependent on initial values.Clustering data of varying sizes and density.Scaling with number of dimensions."]
    },
    {
        "name":"STREAMKMeans",
        "desc":"An alternate version of k mean where  instead of using the traditional KMeans that requires a total reclustering after each time the temporary chunk of data points is full, the implementation of this algorithm in River uses the increamental KMeans. This allows the algorithm to update KMeans without the need of re-initialization, saving a substantial amount of computing resources.",
        "adva":["Scales to large data sets.Guarantees convergence.Can warm-start the positions of centroids.Easily adapts to new examples."],
        "disd":["Being dependent on initial values.Clustering data of varying sizes and density.Scaling with number of dimensions."]
    }

]