[
    {
        "name":"Linear Regression",
        "in":"Incremental Learning",
        "params":["intercept_lr"],
        "desc":["Learning rate scheduler used for updating the intercept.The intercept is not updated when this is set to 0."],
        "type":["float"],
        "default":[0.01],
        "value":["none"]
    },
    {
        "name":"Logistic Regression",
        "in":"Incremental Learning",
        "params":["optim_lr"],
        "desc":["The sequential optimizer used for updating the weights. Note that the intercept is handled separately. Weight updating for the Optim"],
        "type":["float"],
        "default":[0.01],
        "value":["none"]
    },

    {
        "name":"Softmax Regression",
        "in":"Incremental Learning",
        "params":[],
        "desc":[],
        "type":[],
        "default":[],
        "value":[]
    },

    {
        "name":"ALMA Classifier",
        "in":"Incremental Learning",
        "params":[],
        "desc":[],
        "type":[],
        "default":[],
        "value":[]
    },
    {
        "name":"Adaboost Classifier",
        "in":"Incremental Learning",
        "params":["n_models","seed"],
        "desc":["The number of models in the ensemble.","Random number generator seed for reproducibility."],
        "type":["int","int"],
        "default":["10","95"],
        "value":["none","none"]
    },
    {
        "name":"AdaptiveRandom Forest Classifier",
        "in":"Incremental Learning",
        "params":["n_models","seed"],
        "desc":["The number of models in the ensemble.","Random number generator seed for reproducibility."],
        "type":["int","int"],
        "default":["10","95"],
        "value":["none","none"]
    },
    {
        "name":"AdaptiveRandom Forest Regressor",
        "in":"Incremental Learning",
        "params":["n_models","seed"],
        "desc":["The number of models in the ensemble","Random number generator seed for reproducibility."],
        "type":["int","int"],
        "default":["10","95"],
        "value":["none","none"]
    },
    {
        "name":"Bagging Regressor",
        "in":"Incremental Learning",
        "params":["n_models","seed","intercept_lr"],
        "desc":["The number of models in the ensemble","Random number generator seed for reproducibility.","Learning rate scheduler used for updating the intercept.The intercept is not updated when this is set to 0."],
        "type":["int","int","float"],
        "default":["10","95","0.01"],
        "value":["none","none","none"]
    },  
    {
        "name":"Extremely Fast Decision Tree",
        "in":"Incremental Learning",
        "params":["grace_period ","min_samples_reevaluate"],
        "desc":["Number of instances a leaf should observe between split attempts.","Number of instances a node should observe before reevaluating the best split."],
        "type":["int","int"],
        "default":["200","20"],
        "value":["none","none"]
    }, 
    {
        "name":"Hoeffding Adaptive Tree Classifier",
        "in":"Incremental Learning",
        "params":["grace_period ","nb_threshold","seed"],
        "desc":["Number of instances a leaf should observe between split attempts.","Number of instances a leaf should observe before allowing Naive Bayes.","Random number generator seed for reproducibility."],
        "type":["int","int","int"],
        "default":["200","20","95"],
        "value":["none","none","none"]
    },    
    {
        "name":"Hoeffding Adaptive Tree Regressor",
        "in":"Incremental Learning",
        "params":["grace_period ","model_selector_decay","seed"],
        "desc":["Number of instances a leaf should observe between split attempts.","Between 0 and 1 defines the influence of the past observations. Higher the value greater the influenc on the past observations","Random number generator seed for reproducibility."],
        "type":["int","float","int"],
        "default":["200","0.5","95"],
        "value":["none","none","none"]
    },
        
    {
        "name":"SGT Regressor",
        "in":"Incremental Learning",
        "params":["delta","lambda_value","grace_period","std_prop"],
        "desc":["Define the significance level of the F-tests performed to decide upon creating splits or updating predictions.","Positive float value used to impose a penalty over the tree's predictions and force them to become smaller. The greater the lambda value, the more constrained are the predictions.","Interval between split attempts or prediction updates.","Random number generator seed for reproducibility.","The proportion of the standard deviation that is going to be used to define the radius value for new quantizer instances following the initial one."],
        "type":["float","float","int","float"],
        "default":["0.01","0.01","20","0.01"],
        "value":["none","none","none"]
    },

    {
        "name":"DBSTREAM",
        "in":"Incremental Learning",
        "params":["clustering_threshold","fading_factor","cleanup_interval","intersection_factor","minimum_weight"],
        "desc":["DBStream represents each micro cluster by a leader and the density in an area of a user-specified radius  around the center.","Parameter that controls the importance of historical data to current cluster. Note that fading_factor has to be different from 0.","The time interval between two consecutive time points when the cleanup process is conducted.","The intersection factor related to the area of the overlap of the micro clusters relative to the area cover by micro clusters","The minimum weight for a cluster to be not 'noisy'."],
        "type":["float","float","float","float","float"],
        "default":["1.5","0.05","4","0.5","1"],
        "value":["none","none","none","none","none"]
    },
    {
        "name":"DenStream",
        "in":"Incremental Learning",
        "params":["decaying_factor","beta","mu","epsilon","n_samples_init"],
        "desc":["Parameter that controls the importance of historical data to current cluster.",
            "Parameter to determine the threshold of outlier relative to core micro-clusters."
            ,"Parameter to determine the threshold of outliers relative to core micro-cluster.",
            "Defines the epsilon neighborhood","Noumber of Records arriving per unit time"],
        "type":["float","float","float","float","int"],
        "default":["0.25","5","0.5","0.02","1000"],
        "value":["none","none","none","none","none"]
    },

    {
        "name":"KMeans",
        "in":"Incremental Learning",
        "params":["n_clusters", "halflife","sigma", "seed"],
        "desc":["Maximum number of clusters to assign","Amount by which to move the cluster centers, a reasonable value if between 0 and 1.","Standard deviation of the normal distribution used to instantiate cluster positions.","Random seed used for generating initial centroid positions."],
        "type":["int","float","float","int"],
        "default":["5","0.5","1","95"],
        "value":["none","none","none","none"]
    },
    {
        "name":"STREAMKMeans",
        "in":"Incremental Learning",
        "params":["n_clusters", "halflife","sigma", "seed"],
        "desc":["Maximum number of clusters to assign","Amount by which to move the cluster centers, a reasonable value if between 0 and 1.","Standard deviation of the normal distribution used to instantiate cluster positions.","Random seed used for generating initial centroid positions."],
        "type":["int","float","float","int"],
        "default":["5","0.5","1","95"],
        "value":["none","none","none","none"]
    }


]
